SKU,Name,External URL,Attribute 1 value(s),Categories,Attribute 2 value(s),Size,Currency,Type,Attribute 1 name,Attribute 2 name,Images,In stock?,Regular price,Sale price
CI-GYV-ELGCPKZ,Garcia y Vega Elegante 6 Pack,https://famous-smoke.7eer.net/c/2349150/25994/974?prodsku=CI-GYV-ELGCPKZ&u=http%3A%2F%2Fwww.famous-smoke.com%2Fgarcia-y-vega-elegante-6-pack-cigars-claro&intsrc=CATF_204,Garcia y Vega,"Food, Beverages & Tobacco > Tobacco Products > Cigars",Claro,6 3/8 x 34,USD,external,Manufacturer,Color,http://www.famous-smoke.com/cigars/skupics/gyv/CI-GYV-ELGCPKZ-400.jpg|https://www.famous-smoke.com/images/main/brandImages/labels/GYV-label.jpg,1,6.9,
CI-AGI-MEHSU50,Agio Meharis Java,https://famous-smoke.7eer.net/c/2349150/25994/974?prodsku=CI-AGI-MEHSU50&u=http%3A%2F%2Fwww.famous-smoke.com%2Fagio-meharis-java-cigars-natural&intsrc=CATF_204,Agio Meharis,"Food, Beverages & Tobacco > Tobacco Products > Cigars",Natural Javan,3 7/8 x 23,USD,external,Manufacturer,Color,http://www.famous-smoke.com/cigars/skupics/agi/CI-AGI-MEHSU50-400.jpg|,1,36.99,
MI-ZIP-WICK,Zippo Wicks,https://famous-smoke.7eer.net/c/2349150/25994/974?prodsku=MI-ZIP-WICK&u=http%3A%2F%2Fwww.famous-smoke.com%2Fzippo-wicks&intsrc=CATF_204,Zippo,"Food, Beverages & Tobacco > Tobacco Products > Cigars",,,USD,external,Manufacturer,Color,http://www.famous-smoke.com/cigars/skupics/zip/MI-ZIP-WICK-400.jpg|,1,0.99,
CI-HAV-SWTNPK,Hav-A-Tampa Jewels Sweets 10/5,https://famous-smoke.7eer.net/c/2349150/25994/974?prodsku=CI-HAV-SWTNPK&u=http%3A%2F%2Fwww.famous-smoke.com%2Fhav-a-tampa-jewels-sweets-5-packs-cigars-natural&intsrc=CATF_204,Hav-A-Tampa,"Food, Beverages & Tobacco > Tobacco Products > Cigars",Natural Homogenized,4 7/8 x 29,USD,external,Manufacturer,Color,http://www.famous-smoke.com/cigars/skupics/hav/CI-HAV-SWTNPK-400.jpg|,1,49.99,
CI-HAV-SWTNPKZ,Hav-A-Tampa Jewels Sweets 5 Packs,https://famous-smoke.7eer.net/c/2349150/25994/974?prodsku=CI-HAV-SWTNPKZ&u=http%3A%2F%2Fwww.famous-smoke.com%2Fhav-a-tampa-jewels-sweets-5-packs-cigars-natural&intsrc=CATF_204,Hav-A-Tampa,"Food, Beverages & Tobacco > Tobacco Products > Cigars",Natural Homogenized,4 7/8 x 29,USD,external,Manufacturer,Color,http://www.famous-smoke.com/cigars/skupics/hav/CI-HAV-SWTNPKZ-400.jpg|,1,5.28,
CI-ANT-GRENBX,Antonio y Cleopatra Grenadiers Dark,https://famous-smoke.7eer.net/c/2349150/25994/974?prodsku=CI-ANT-GRENBX&u=http%3A%2F%2Fwww.famous-smoke.com%2Fantonio-y-cleopatra-grenadiers-dark-cigars-dark-natural&intsrc=CATF_204,Antonio y Cleopatra,"Food, Beverages & Tobacco > Tobacco Products > Cigars",Dark Natural Indonesian,6 1/4 x 33,USD,external,Manufacturer,Color,http://www.famous-smoke.com/cigars/skupics/ant/CI-ANT-GRENBX-400.jpg|https://www.famous-smoke.com/images/main/brandImages/labels/ANT-label.jpg,1,55.99,
CI-AF-858NZ,Arturo Fuente 858 Natural,https://famous-smoke.7eer.net/c/2349150/25994/974?prodsku=CI-AF-858NZ&u=http%3A%2F%2Fwww.famous-smoke.com%2Farturo-fuente-858-natural-cigars&intsrc=CATF_204,Arturo Fuente,"Food, Beverages & Tobacco > Tobacco Products > Cigars",Natural African,6 x 47,USD,external,Manufacturer,Color,http://www.famous-smoke.com/cigars/skupics/af/CI-AF-858NZ-400.jpg|https://www.famous-smoke.com/images/main/brandImages/labels/AF-label.jpg,1,6.2,
CI-AF-CHAN,Arturo Fuente Chateau Fuente,https://famous-smoke.7eer.net/c/2349150/25994/974?prodsku=CI-AF-CHAN&u=http%3A%2F%2Fwww.famous-smoke.com%2Farturo-fuente-chateau-fuente-cigars-natural&intsrc=CATF_204,Arturo Fuente,"Food, Beverages & Tobacco > Tobacco Products > Cigars",Natural Ecuadorian,4 1/2 x 50,USD,external,Manufacturer,Color,http://www.famous-smoke.com/cigars/skupics/af/CI-AF-CHAN-400.jpg|https://www.famous-smoke.com/images/main/brandImages/labels/AF-label.jpg,1,107.99,
